first_name,last_name,email,password,birthday
Laura,Mann,kimberlyblackburn@example.net,#r$1D6Xn,1965-07-14
Jacob,Miller,olsonkarl@example.net,^$V5+3Nw,2005-06-30
Larry,Garcia,woodsstephen@example.org,8#1RfBKh,1973-04-06
Douglas,Collins,mrangel@example.net,)7Cc3JkO,1987-08-28
Bryce,Barnett,matthewroth@example.com,#n7eCz+X,1976-08-29
Charles,Norris,isaiah09@example.com,$@3EfT26,1998-08-11
Ernest,Guzman,holmesalexander@example.net,(27zJlqF,1964-08-14
Steven,Norman,anthony97@example.org,&+8qUwBx,1999-02-15
Jillian,Clark,ubarrett@example.com,#jw5VMNm,1981-11-02
Melissa,Lara,georgewarner@example.net,kf(5V*uK,1969-02-01
Dawn,Thompson,bclark@example.org,#g#j5SSw,1973-06-03
Bruce,Washington,jamieguzman@example.org,#ibXV2Fo,1964-12-11
Sean,Anderson,jacobrivera@example.org,!49j7Tjy,1992-10-12
Nicole,Huffman,gilbertmitchell@example.net,s^N8Dv#j,1970-02-03
Nicholas,Sanchez,rogersedward@example.net,I)B*7jDm,1997-11-28
Christina,Waller,james88@example.org,&p^8CNmm,1987-07-09
Jessica,Nash,jonathanfloyd@example.net,3S*9zBaz,1975-12-08
Marvin,Baker,michellestevens@example.com,(z8hOYtl,1970-03-12
Calvin,Johnson,adam85@example.org,3$8SUivB,1984-10-20
Pamela,Foster,marshalllarry@example.org,@1Bo0M+!,1989-03-13
